特徴量,向き,説明,後2週%,後1月%,後2月%,後半年%,後1年%,勝ち年,年数,週数
13週線乖離%,大きい順,週足の位置,0.65392447,1.0012422,1.2783298,2.4633417,2.1517935,4,8,402
25日線乖離%,大きい順,押し目の深さ,0.9765547,1.3403261,1.2376952,2.605071,2.131281,4,8,410
時価総額億,小さい順,規模,0.37715006,0.73165333,1.1534009,3.5651426,5.917038,6,8,411
75日線乖離%,大きい順,中期の位置,0.5597352,0.8775749,1.1322677,2.0601897,1.3534555,4,8,399
3年騰落%,小さい順,月足 全体の傾向,0.2039969,0.49545604,0.9256649,3.2359672,3.5585442,3,5,254
5日線乖離%,大きい順,短期の位置,0.54485214,0.84686863,0.85598564,1.0655413,1.1435986,3,8,411
RSI14,大きい順,過熱・過冷,0.40839696,0.59890234,0.83016086,2.4236689,3.9804535,6,8,411
26週線乖離%,大きい順,週足の位置,0.49272966,0.74289656,0.77030087,0.22363186,-1.730999,4,8,388
反転_5日線上向き転換,大きい順,反転の形,0.15478665,0.25926268,0.5112035,1.169632,3.3668518,6,8,411
52週騰落%,小さい順,月足 過去1年の傾向,0.19411361,0.42110324,0.4960518,0.5088773,0.7888861,3,7,362
出来高比,大きい順,出来高の増減,0.14717221,0.6640879,0.37987447,1.4714861,2.0457096,3,8,410
12月線の向き,小さい順,月足の傾き,0.11727536,0.3191198,0.29334903,0.7508087,-1.2301626,2,7,349
52週高値まで%,小さい順,高値からの距離,0.34665638,0.179955,0.19035411,0.23337126,0.8932848,4,7,362
連続陽線,大きい順,陽線の連続,-0.2432709,-0.06089306,0.13759089,0.90131855,3.8957882,4,8,411
反転_安値切上げ,大きい順,反転の形,-0.039345622,-0.033283234,0.12098241,0.049917698,-0.16288948,7,8,411
反転_陰転陽,大きい順,反転の形,0.005846381,0.08658397,0.109511614,0.9014063,1.9147854,4,8,411
反転_25日線回復,大きい順,反転の形,-0.04946798,-0.048077106,0.10780978,0.48970747,2.986786,3,8,411
売買代金20日,小さい順,流動性,-0.04348892,-0.030426145,0.04168749,-0.13800144,-1.3315964,5,8,411
12月線乖離%,小さい順,月足の位置,0.114047885,0.18053126,-0.023576021,0.9072938,5.520817,3,7,362
13週線の向き,大きい順,週足の傾き,0.30281228,0.16788721,-0.05210924,-1.3712335,-3.0402613,4,8,397
MA順位,小さい順,移動平均の並び,-0.16352665,-0.32474273,-0.098834515,-0.33820152,1.5764427,4,8,411
反転_安値切上げ,小さい順,反転の形,-0.1184451,-0.05077517,-0.10629654,-0.03863716,0.6244049,4,8,411
MA順位,大きい順,移動平均の並び,0.0144302845,-0.006914854,-0.14841151,-1.1777787,-0.7977791,3,8,411
連続陽線,小さい順,陽線の連続,-0.11275685,-0.10005784,-0.16232347,-0.36472988,0.14702988,3,8,411
反転_陰転陽,小さい順,反転の形,-0.09335476,-0.13273704,-0.21411753,-0.44409466,-0.49025154,2,8,411
ATR14%,大きい順,値動きの荒さ,-0.053856254,0.117577195,-0.2890098,-5.355729,-10.545641,3,8,411
反転_25日線回復,小さい順,反転の形,-0.12106925,-0.21184826,-0.32114124,-0.99043083,-1.2473011,1,8,411
反転_5日線上向き転換,小さい順,反転の形,-0.11423212,-0.1689707,-0.4015727,-0.86277246,-0.91551304,1,8,411
RSI14,小さい順,過熱・過冷,0.09100944,-0.19964886,-0.49218798,-1.3849106,-1.1524038,1,8,411
5日線乖離%,小さい順,短期の位置,-0.026394248,-0.23307872,-0.518893,-2.1667948,-2.5854425,3,8,411
26週線乖離%,小さい順,週足の位置,0.23107088,0.011765122,-0.5357499,-1.498857,0.7539921,3,8,388
出来高比,小さい順,出来高の増減,-0.25824434,-0.47521693,-0.5942328,-2.259089,-3.282259,3,8,410
26週騰落%,小さい順,週足 過去半年の傾向,0.14953804,-0.0033265352,-0.5993347,-1.1396751,3.6072311,3,8,389
20日ボラ%,小さい順,値動きの荒さ,-0.3223428,-0.4397441,-0.63464725,-2.0728908,-4.7596445,4,8,411
20日ボラ%,大きい順,値動きの荒さ,0.008340955,-0.13530588,-0.7873359,-1.8681841,-6.0610476,3,8,411
52週安値から%,小さい順,安値からの距離,-0.2645096,-0.48861057,-0.8693725,-1.6228938,-0.8092165,4,7,362
ATR14%,小さい順,値動きの荒さ,-0.36386976,-0.52602386,-0.88660586,-2.5915747,-6.139943,4,8,411
時価総額億,大きい順,規模,-0.23236969,-0.54796994,-0.9227991,-2.7431026,-5.7510004,2,8,411
25日線乖離%,小さい順,押し目の深さ,0.22182035,-0.13400817,-0.95016587,-3.892607,-5.547635,3,8,410
75日線乖離%,小さい順,中期の位置,0.12410402,-0.32453728,-1.0498827,-3.1391315,-3.999135,1,8,399
13週線乖離%,小さい順,週足の位置,0.03967935,-0.4471196,-1.0688574,-3.2477288,-4.3031654,0,8,402
3年騰落%,大きい順,月足 全体の傾向,0.020521581,-0.05352509,-1.1025102,-3.583961,-2.3025079,2,5,254
52週高値まで%,大きい順,高値からの距離,-0.053260803,-0.36982185,-1.230729,-3.138853,-7.7077475,3,7,362
26週騰落%,大きい順,週足 過去半年の傾向,-0.025160968,-0.14951015,-1.2636327,-2.4927588,-6.753043,2,8,389
13週線の向き,小さい順,週足の傾き,-0.014826477,-0.34230876,-1.3068379,-2.6291676,-3.580905,1,8,397
12月線乖離%,大きい順,月足の位置,0.1209504,-0.2025615,-1.3955739,-6.8284054,-8.846021,2,7,362
売買代金20日,大きい順,流動性,-0.46372515,-0.9363195,-1.4812374,-4.4709873,-8.773989,1,8,411
12月線の向き,大きい順,月足の傾き,-0.57034785,-0.93643945,-2.2775478,-6.4507318,-8.832565,2,7,349
52週騰落%,大きい順,月足 過去1年の傾向,-0.51013196,-1.0122658,-2.3490398,-8.024373,-11.262758,2,7,362
52週安値から%,大きい順,安値からの距離,-0.383685,-1.0366501,-2.6088758,-8.917166,-14.197827,2,7,362
