判定,買い,売り,前半年率,前半税引後,前半最大下げ,前半買い回数/年,後半年率,後半税引後,後半最大下げ,後半買い回数/年,実物年率,実物税引後,実物最大下げ,実物買い回数/年
週1回,B1 200日線より上,S1 200日線を下回る,0.12395207672483322,0.0894415031435587,-0.688434992923081,1.8134309193631228,0.19275576402986117,0.14475476037378288,-0.5992945633898836,1.5519692760254944,0.20908204549291676,0.16011726710138463,-0.6071139051583196,1.4641535615171137
週1回,B1 200日線より上,S2 RSI70以上,0.021687106348648788,-0.030434157559598773,-0.9829409380072734,2.751412429378531,0.350383104451103,0.26206691252900916,-0.7618159039588124,3.879923190063736,0.3584198105842531,0.2674954426271452,-0.7685612850614907,3.8293246993524512
週1回,B1 200日線より上,S3 RSI80以上,0.008802156613409773,-0.0031194983284250632,-0.9800541113731747,0.18759630200308167,0.3248263780994769,0.28537053555430747,-0.7618159039588124,0.35814675600588336,0.3294136680713182,0.28664143632226624,-0.7685612850614908,0.3378815911193339
週1回,B1 200日線より上,S4 最高値から−25%,0.1907928216065613,0.1497823666851854,-0.6262543212030558,0.6878531073446328,0.17626401905329225,0.1316711056436799,-0.5821939187258138,1.0147491420166694,0.18418120549528139,0.136903284496664,-0.5899119825062658,1.0136447733580018
週1回,B1 200日線より上,S5 買値から+50%,0.03059806171603241,0.0018567528751378681,-0.9800541113731746,0.4377247046738572,0.3103734120071242,0.2507385467587788,-0.7618159039588124,0.6566023860107861,0.3187351434790675,0.2573426247473598,-0.7336412249089691,0.6757631822386678
週1回,B2 200日線より上でRSI40以下,S1 200日線を下回る,0.07790388074109122,0.06160089181726547,-0.6241278085946764,0.8129173086800205,0.11206837126151825,0.08408310078989989,-0.6232936215836501,0.7162935120117667,0.13444472757666337,0.10309545238187101,-0.6398630468335729,0.6757631822386678
週1回,B2 200日線より上でRSI40以下,S2 RSI70以上,-0.05887043191647656,-0.08368568403708554,-0.9783045151587012,0.8754494093477144,0.2217531684747156,0.17588000192844988,-0.5295508358779014,1.1341313940186306,0.2175673453425071,0.17208710493329682,-0.5287122269876915,1.1262719703977797
週1回,B2 200日線より上でRSI40以下,S3 RSI80以上,0.009577823720041234,-0.0010178351007633646,-0.9800541113731746,0.18759630200308167,0.29349724489565276,0.25831141772986,-0.7618159039588124,0.23876450400392224,0.30129687867693566,0.26312497384844846,-0.7685612850614909,0.22525439407955594
週1回,B2 200日線より上でRSI40以下,S4 最高値から−25%,0.1550814170990873,0.12730427901009356,-0.5446449797919054,0.4377247046738572,0.19233187760549098,0.15494565362729373,-0.6232936215836501,0.5969112600098055,0.22625651975954875,0.1832709150693983,-0.5450710117228075,0.5631359851988899
週1回,B2 200日線より上でRSI40以下,S5 買値から+50%,0.005639275111114506,-0.017578953554866716,-0.9800541113731746,0.37519260400616333,0.2636239976583954,0.21448102087681886,-0.5859517717725461,0.537220134008825,0.26992285138950267,0.2192546975606655,-0.5866571074790357,0.5631359851988899
週1回,B3 RSI30以下,S1 200日線を下回る,0.04021150076535651,0.032010033469088706,-0.413190453901804,0.562788906009245,0.15656906919832148,0.12500202688970075,-0.4383458439670155,0.7162935120117667,0.16329294670916972,0.13029397867963022,-0.43856970642562143,0.7320767807585569
週1回,B3 RSI30以下,S2 RSI70以上,-0.12188753166378097,-0.12452487788544153,-0.9769413352788926,0.18759630200308167,0.15648912374915458,0.12599616615988674,-0.6931791230875803,0.6566023860107861,0.2108572637022783,0.1718622607805924,-0.7024305560859174,0.6757631822386678
週1回,B3 RSI30以下,S3 RSI80以上,-0.06637688302959122,-0.06637688302959122,-0.9574259754507775,0.0625321006676939,0.2888383920153137,0.2589246859206362,-0.7618159039588124,0.11938225200196112,0.37883087713457764,0.3355331397385659,-0.7685612850614909,0.16894079555966696
週1回,B3 RSI30以下,S4 最高値から−25%,0.0859338487377086,0.068385547151399,-0.7547227212760032,0.5002568053415511,0.0982314405199256,0.06961604613195327,-0.8524592870109711,0.4775290080078445,0.18292190062615665,0.14332678378269814,-0.8540738742727072,0.5068223866790009
週1回,B3 RSI30以下,S5 買値から+50%,-0.06637688302959122,-0.06637688302959122,-0.9574259754507775,0.0625321006676939,0.22782387532434334,0.186435889722949,-0.690235103854806,0.4775290080078445,0.2513424599396856,0.20538307945718315,-0.6982462304011133,0.5068223866790009
週1回,B4 1年の高値から−20%,S1 200日線を下回る,-0.012879527232526167,-0.041339350818269116,-0.7926624840800894,2.876476630713919,0.02137190481076634,0.01733000810971408,-0.4331753828508691,0.4178378820068639,0.05657987769009032,0.04023241786890308,-0.5411012076902515,1.0136447733580018
週1回,B4 1年の高値から−20%,S2 RSI70以上,-0.062332697979526674,-0.06516622725509391,-0.9492782454100819,0.2501284026707756,0.11447715358087596,0.09743511875935962,-0.3139540259179092,0.17907337800294168,0.1250252397294478,0.10542855653324001,-0.6432062300065797,0.3378815911193339
週1回,B4 1年の高値から−20%,S3 RSI80以上,-0.06637688302959122,-0.06637688302959122,-0.9574259754507775,0.0625321006676939,0.18080944861926307,0.1660627280787157,-0.6366040476917374,0.05969112600098056,0.20659518733164628,0.18565763656641976,-0.6432062300065797,0.11262719703977797
週1回,B4 1年の高値から−20%,S4 最高値から−25%,0.03577197581513669,0.013076918303784213,-0.9071570341916011,0.7503852080123267,0.0536130216537245,0.04394320204375113,-0.4331753828508691,0.23876450400392224,0.09329805357967924,0.0738598525744989,-0.5512691191074242,0.3941951896392229
週1回,B4 1年の高値から−20%,S5 買値から+50%,-0.06637688302959122,-0.06637688302959122,-0.9574259754507775,0.0625321006676939,0.0637655603393612,0.05468899965941909,-0.445421953867578,0.11938225200196112,0.08824637194764184,0.07472847994715126,-0.6432062300065797,0.16894079555966696
毎日,B1 200日線より上,S1 200日線を下回る,0.16490091090628134,0.11912951253052051,-0.5791187259528452,3.939522342064715,0.2020840750012869,0.14577924323850233,-0.5656011725331853,2.7457917960451055,0.21585935666776201,0.15890742837706573,-0.5647098933141165,2.590425531914893
毎日,B1 200日線より上,S2 RSI70以上,0.06307569971400429,-0.006076223239703138,-0.9654623872809952,10.630457113507962,0.3498266219356583,0.24191652249650786,-0.7618159039588125,14.385561366236313,0.3500807888462303,0.2415938527734638,-0.7685612850614908,14.078399629972246
毎日,B1 200日線より上,S3 RSI80以上,0.01656303869150988,-0.0032464662758024954,-0.9791086811292856,0.6878531073446328,0.3110068746858421,0.26169446078500025,-0.7618159039588125,0.955058016015689,0.31481174396968825,0.2642036026893009,-0.7685612850614909,0.9010175763182238
毎日,B1 200日線より上,S4 最高値から−25%,0.17903620871162973,0.13298743174533167,-0.6478714385781944,1.0005136106831023,0.13850301371137785,0.09197622195119481,-0.7025916197121151,1.2535136460205918,0.14373025100188763,0.09555299734610712,-0.7038878926761309,1.2388991674375578
毎日,B1 200日線より上,S5 買値から+50%,0.013379418449076086,-0.013990660002346611,-0.9800541113731747,0.4377247046738572,0.3058793926616299,0.2470194233462928,-0.7618159039588125,0.6566023860107861,0.3109911051169776,0.25101467681664613,-0.7685612850614907,0.6757631822386678
毎日,B2 200日線より上でRSI40以下,S1 200日線を下回る,0.09765660716495095,0.07575871528812628,-0.5454731701043778,1.12557781201849,0.13182433949074013,0.10333882167506059,-0.4528656177584023,1.1341313940186306,0.15884086016832755,0.12576936539046724,-0.4629323931568161,1.0699583718778907
毎日,B2 200日線より上でRSI40以下,S2 RSI70以上,0.04419882310063583,0.01095306950565944,-0.954581099256479,1.2506420133538778,0.2832996315267311,0.22009916272671237,-0.6958213035164317,1.731042654028436,0.2762768245120446,0.21408316139059025,-0.7045952137691445,1.6894079555966697
毎日,B2 200日線より上でRSI40以下,S3 RSI80以上,0.005256318759238043,-0.010122437345107427,-0.9785455471497417,0.37519260400616333,0.300773568377555,0.25379392588858707,-0.7618159039588124,0.4178378820068639,0.3134903000509359,0.2643689722036111,-0.7685612850614908,0.3941951896392229
毎日,B2 200日線より上でRSI40以下,S4 最高値から−25%,0.1825664217099927,0.14368454112181706,-0.6902384119526831,0.6878531073446328,0.15768705581488618,0.12401853596413459,-0.5319043133511794,0.8356757640137278,0.1768526692223371,0.13763265681712045,-0.5819090755864517,0.8447039777983348
毎日,B2 200日線より上でRSI40以下,S5 買値から+50%,0.0006862311748965233,-0.02185268198345225,-0.9800541113731747,0.37519260400616333,0.31169757022963407,0.25200616813281607,-0.6958213035164318,0.6566023860107861,0.3065103646204439,0.2478829261968163,-0.7045952137691444,0.6757631822386678
毎日,B3 RSI30以下,S1 200日線を下回る,0.0628479632704726,0.0437009236799526,-0.4244889600167727,2.313687724704674,0.019126739057347297,0.0001990938124947217,-0.6378091333222455,2.029498284033339,0.0169673115969895,-0.0013556167877177838,-0.632395317446885,2.1399167437557813
毎日,B3 RSI30以下,S2 RSI70以上,-0.044524781895917465,-0.06198336620468081,-0.9582820499642685,0.7503852080123267,0.19898415551350435,0.15780821789619615,-0.6923787879495225,0.955058016015689,0.22264373101803492,0.17706205767023575,-0.7008692623698549,0.9573311748381128
毎日,B3 RSI30以下,S3 RSI80以上,-0.024027508422459154,-0.03800701567642728,-0.9756080083090006,0.31266050333846945,0.19812280182177577,0.17213355324781898,-0.7618159039588124,0.23876450400392224,0.2595946711059547,0.22395510175288047,-0.7685612850614907,0.2815679925994449
毎日,B3 RSI30以下,S4 最高値から−25%,0.1164367528367991,0.07968615793721101,-0.8057574320775576,1.12557781201849,0.26417505381700424,0.20458121417371622,-0.6540925180150177,0.8953668900147084,0.3100179422902267,0.24116606356733739,-0.6587656855539226,0.9573311748381128
毎日,B3 RSI30以下,S5 買値から+50%,-0.022672059187341942,-0.03972356565590873,-0.9800541113731747,0.31266050333846945,0.2818624022954417,0.22894548765428535,-0.6923787879495227,0.5969112600098055,0.26904631135214685,0.21885018633937636,-0.7008692623698547,0.5631359851988899
毎日,B4 1年の高値から−20%,S1 200日線を下回る,0.12402555939406334,0.03004430216638454,-0.5523110780906315,14.63251155624037,0.015449534466122294,0.0017684824070396399,-0.5040401487232886,1.8504249060303972,0.02517692273765304,-0.004965962157060577,-0.640740103002656,4.617715078630897
毎日,B4 1年の高値から−20%,S2 RSI70以上,-0.06893801442583769,-0.07410261238172877,-0.9517761534833518,0.562788906009245,0.08322938912687405,0.07054784583123808,-0.4645858873644917,0.17907337800294168,0.09082362987882031,0.07596323114121839,-0.6432062300065797,0.5631359851988899
毎日,B4 1年の高値から−20%,S3 RSI80以上,-0.05401522951551563,-0.05401522951551563,-0.943908022900093,0.1250642013353878,0.07593264473133465,0.0649154302457049,-0.4645858873644917,0.11938225200196112,0.1077042285689962,0.09117598310854413,-0.6432062300065797,0.16894079555966696
毎日,B4 1年の高値から−20%,S4 最高値から−25%,-0.04945683301016479,-0.07212022884219882,-0.9502905042718227,1.4382383153569596,0.06291458941344108,0.05199460668298794,-0.3686608664865175,0.23876450400392224,0.08405911985334136,0.06399830264350714,-0.6599174405543407,0.4505087881591119
毎日,B4 1年の高値から−20%,S5 買値から+50%,-0.07018714141853688,-0.07018714141853688,-0.9574259754507776,0.0625321006676939,0.06261928846184706,0.0537300502784932,-0.4645858873644917,0.11938225200196112,0.08760298742033057,0.07416801452179689,-0.6432062300065797,0.16894079555966696
